step,perf/cpu_memory_used_gb,perf/max_memory_allocated_gb,perf/max_memory_reserved_gb,train/global_tokens,train/grad_norm,train/loss,train/lr,train/mfu,train/total_tokens(B),val/loss
1,91.0192,38.421,41.6445,229518,0.145352,0.830972,1.17647e-06,0.31187,0.000229518,
2,90.9753,38.421,41.6445,227249,0.163908,0.891788,2.35294e-06,0.319694,0.000456767,
3,90.6343,38.421,41.6445,228450,0.155392,0.860169,3.52941e-06,0.316838,0.000685217,
4,90.7887,38.6532,41.6445,230155,0.178403,0.96611,4.70588e-06,0.316562,0.000915372,
5,91.1684,38.6532,41.6445,229090,0.165744,0.930331,5.88235e-06,0.317126,0.00114446,
6,91.5699,38.6717,41.7812,230096,0.15875,0.878883,7.05882e-06,0.317327,0.00137456,
7,91.5868,38.6902,41.7812,230516,0.149225,0.903232,8.23529e-06,0.317473,0.00160507,
8,92.7628,38.6902,41.7812,228355,0.165763,0.8762,9.41176e-06,0.317223,0.00183343,
9,93.5701,38.6902,41.7812,228746,0.255608,0.882389,1.05882e-05,0.317279,0.00206217,
10,92.8106,38.6902,41.8789,229461,0.175006,0.898521,1.17647e-05,0.316582,0.00229164,
11,93.0057,38.6902,41.8789,229796,0.159848,0.874044,1.29412e-05,0.316014,0.00252143,
12,92.5979,38.6902,41.8789,229454,0.159446,0.831075,1.41176e-05,0.317834,0.00275089,
13,92.3744,38.6902,41.8789,229981,0.152721,0.859196,1.52941e-05,0.317644,0.00298087,
14,92.475,38.6902,41.8789,230190,0.180941,0.924207,1.64706e-05,0.317866,0.00321106,
15,92.7528,38.6988,41.8789,230316,0.155927,0.84647,1.76471e-05,0.317505,0.00344137,
16,92.8707,38.6988,41.8789,229599,0.157605,0.884069,1.88235e-05,0.316999,0.00367097,
17,94.8022,38.6988,41.8789,227437,0.139197,0.807357,2e-05,0.317318,0.00389841,
18,94.24,38.7584,42.0156,230717,0.159917,0.90543,2e-05,0.316761,0.00412913,
19,94.1095,38.7584,42.0156,229454,0.142869,0.894048,2e-05,0.316777,0.00435858,
20,93.359,38.7584,42.0156,229708,0.150306,0.85825,2e-05,0.316893,0.00458829,
21,93.2587,38.7584,42.0156,230065,0.17224,1.02725,2e-05,0.317304,0.00481835,
22,93.1015,38.7584,42.0156,229519,0.156346,0.956724,2e-05,0.318383,0.00504787,
23,93.3878,38.7584,42.0156,228456,0.15286,0.909465,2e-05,0.317285,0.00527633,
24,93.2549,38.7584,42.0156,228389,0.153848,0.868001,2e-05,0.316847,0.00550472,
25,95.1047,38.7584,42.0547,228950,0.153459,0.869684,2e-05,0.317281,0.00573367,0.966203
26,98.9153,38.7584,42.0547,227916,0.149978,0.919211,2e-05,0.317778,0.00596158,
27,99.6578,38.7584,42.0547,229806,0.151857,0.907765,2e-05,0.317199,0.00619139,
28,98.5728,38.7584,42.0547,228184,0.150866,0.832814,2e-05,0.316729,0.00641957,
29,98.1278,38.7584,42.0547,229230,0.141791,0.901722,2e-05,0.317543,0.0066488,
30,98.2001,38.7584,42.0547,229619,0.141458,0.945521,2e-05,0.317689,0.00687842,
31,98.3965,38.7584,42.1133,229736,0.153305,0.917854,2e-05,0.317373,0.00710816,
32,98.8456,38.7584,42.1133,230747,0.136878,0.964396,2e-05,0.317578,0.0073389,
33,101.286,38.7584,42.1133,229735,0.151817,0.940763,2e-05,0.317489,0.00756864,
34,101.113,38.7584,42.1133,229211,0.142816,0.847617,2e-05,0.317104,0.00779785,
35,101.167,38.7584,42.1133,230227,0.150974,0.882434,2e-05,0.317004,0.00802808,
36,99.9611,38.7659,42.1133,230834,0.137781,1.00026,2e-05,0.31833,0.00825891,
37,99.4449,38.7662,42.1133,231337,0.138951,0.932405,2e-05,0.317451,0.00849025,
38,99.5283,38.7662,42.1133,229672,0.133379,0.909578,2e-05,0.317345,0.00871992,
39,99.8743,38.7662,42.1133,229812,0.142168,0.860137,2e-05,0.317161,0.00894973,
40,99.8909,38.7662,42.1133,229446,0.142205,0.923148,2e-05,0.317122,0.00917918,
41,102.776,38.7662,42.1133,229713,0.136145,0.858722,2e-05,0.317419,0.00940889,
42,102.583,38.7662,42.1133,230843,0.13619,0.931019,2e-05,0.316995,0.00963973,
43,102.659,38.7662,42.1133,228756,0.139188,0.868903,2e-05,0.316799,0.00986849,
44,101.695,38.7662,42.1133,229609,0.143725,0.91157,2e-05,0.316786,0.0100981,
45,100.813,38.7662,42.1133,228163,0.145586,0.842533,2e-05,0.317385,0.0103263,
46,100.703,38.7662,42.1133,228986,0.14025,0.917403,2e-05,0.318402,0.0105552,
47,100.777,38.7662,42.1133,230449,0.135552,0.884052,2e-05,0.317282,0.0107857,
48,100.655,38.7662,42.1133,228105,0.138865,0.939363,2e-05,0.317358,0.0110138,
49,103.302,38.7662,42.1133,229293,0.133854,0.848669,2e-05,0.317449,0.0112431,
50,102.355,38.7662,42.1133,229000,0.126836,0.81494,2e-05,0.317011,0.0114721,0.963787
51,102.357,38.7662,42.1133,228030,0.134651,0.943967,2e-05,0.317993,0.0117001,
52,101.156,38.7662,42.1133,229953,0.127137,0.92034,2e-05,0.317072,0.0119301,
53,100.223,38.7662,42.1133,228854,0.139361,0.93251,2e-05,0.316974,0.0121589,
54,100.231,38.7662,42.1133,229177,0.136475,0.874766,2e-05,0.317235,0.0123881,
55,100.369,38.7662,42.1133,225363,0.128499,0.853678,2e-05,0.317328,0.0126135,
56,100.484,38.7662,42.1133,230120,0.135231,0.898234,2e-05,0.317223,0.0128436,
57,104,38.7662,42.1133,229661,0.134599,0.910131,2e-05,0.317449,0.0130733,
58,102.833,38.7662,42.1133,229099,0.139133,0.865944,2e-05,0.316938,0.0133024,
59,102.649,38.8101,42.1133,231330,0.130487,0.899224,2e-05,0.317169,0.0135337,
60,101.214,38.8101,42.1133,229453,0.141669,0.797668,2e-05,0.317667,0.0137631,
61,100.101,38.8101,42.1133,230524,0.124284,0.890392,2e-05,0.317342,0.0139937,
62,100.097,38.8101,42.1133,228727,0.130711,0.846899,2e-05,0.317031,0.0142224,
63,99.9541,38.8101,42.1133,228903,0.126491,0.899623,2e-05,0.316949,0.0144513,
64,99.9893,38.8101,42.1133,228214,0.130703,0.912168,2e-05,0.317328,0.0146795,
65,103.935,38.8101,42.1133,229403,0.127634,0.821337,2e-05,0.317436,0.0149089,
66,102.787,38.8101,42.1133,228129,0.12973,0.904538,2e-05,0.317066,0.015137,
67,102.804,38.8101,42.1719,230987,0.123264,0.906761,2e-05,0.317026,0.015368,
68,101.879,38.8101,42.1719,228294,0.129467,0.932655,2e-05,0.31632,0.0155963,
69,100.684,38.8101,42.1719,229000,0.135461,0.902467,2e-05,0.317082,0.0158253,
70,100.933,38.8101,42.1719,228291,0.124979,0.864799,2e-05,0.317907,0.0160536,
71,100.945,38.8101,42.1719,229088,0.128429,0.865792,2e-05,0.31727,0.0162827,
72,100.955,38.8101,42.1719,229652,0.134007,0.904889,2e-05,0.316898,0.0165123,
73,104.11,38.8101,42.1719,227851,0.139588,0.858398,2e-05,0.316928,0.0167402,
74,100.16,38.8101,42.1719,229583,0.130856,0.911631,2e-05,0.317472,0.0169698,
75,96.1973,38.8101,42.1719,229420,0.144598,0.828571,2e-05,0.316892,0.0171992,0.962334
76,92.2513,38.8101,42.1719,227387,0.132203,0.950999,2e-05,0.3182,0.0174266,
77,88.3278,38.8101,42.1719,228560,0.124276,0.895406,2e-05,0.317401,0.0176551,
78,84.38,38.8101,42.1719,230053,0.125127,0.871098,2e-05,0.317286,0.0178852,
79,80.4215,38.8101,42.1719,227521,0.139926,0.941871,2e-05,0.316349,0.0181127,
80,76.4768,38.8101,42.1719,230585,0.12472,0.845096,2e-05,0.317078,0.0183433,
81,73.2836,38.8101,42.1719,229392,0.128466,0.846068,2e-05,0.317128,0.0185727,
82,69.3006,38.8101,42.1719,228927,0.124811,0.874607,2e-05,0.31667,0.0188016,
83,65.3529,38.8101,42.1719,228334,0.134659,0.826345,2e-05,0.316793,0.01903,
84,61.3735,38.8101,42.1719,230966,0.129109,0.941724,2e-05,0.317326,0.0192609,
85,57.3779,38.8101,42.1719,230827,0.127574,0.928874,2e-05,0.317054,0.0194918,
86,53.381,38.8101,42.1719,229471,0.126932,0.933222,2e-05,0.317969,0.0197212,
87,49.4223,38.8101,42.1719,229076,0.130486,0.876108,2e-05,0.316726,0.0199503,
88,45.4469,38.8101,42.1719,229863,0.127369,0.863788,2e-05,0.317152,0.0201802,
89,41.4776,38.8101,42.1719,228597,0.127368,0.897032,2e-05,0.316827,0.0204088,
90,97.1384,38.8101,42.1719,229599,0.123701,0.910024,2e-05,0.319267,0.0206384,
91,100.306,38.8101,42.1719,229075,0.131267,0.819516,2e-05,0.316624,0.0208674,
92,100.48,38.8101,42.1719,229309,0.124533,0.882054,2e-05,0.317019,0.0210967,
93,100.743,38.8101,42.1719,229168,0.128743,0.925494,2e-05,0.31689,0.0213259,
94,101.345,38.8101,42.1719,227628,0.127144,0.873655,2e-05,0.316869,0.0215535,
95,101.531,38.8101,42.1719,229072,0.124146,0.831065,2e-05,0.317208,0.0217826,
96,101.943,38.8101,42.1719,230406,0.128573,0.870007,2e-05,0.317097,0.022013,
97,102.421,38.8101,42.1719,229132,0.127232,0.938957,2e-05,0.316972,0.0222421,
98,102.228,38.8101,42.1719,227412,0.133934,0.890427,2e-05,0.317291,0.0224696,
99,102.925,38.8101,42.1719,229470,0.121521,0.846594,2e-05,0.317258,0.022699,
100,102.288,38.8101,42.1719,229877,0.127926,0.845045,2e-05,0.318328,0.0229289,0.961828
101,106.302,38.8101,42.1719,230131,0.128173,0.815826,2e-05,0.318186,0.023159,
102,105.983,38.8101,42.1719,230619,0.129895,0.919408,2e-05,0.317207,0.0233897,
103,105.943,38.8101,42.1719,229363,0.124362,0.876336,2e-05,0.317519,0.023619,
104,105.461,38.8101,42.1719,229049,0.132505,0.915304,2e-05,0.316779,0.0238481,
105,105.718,38.8101,42.1719,227639,0.135861,0.92817,2e-05,0.316423,0.0240757,
106,106.178,38.8101,42.1719,230265,0.125337,0.899858,2e-05,0.316984,0.024306,
107,108.465,38.8101,42.1719,229990,0.135541,0.858678,2e-05,0.317069,0.024536,
108,108.345,38.8101,42.1719,229598,0.131334,0.868951,2e-05,0.31705,0.0247656,
109,108.708,38.8101,42.1719,229437,0.131898,0.8722,2e-05,0.31704,0.024995,
110,108.708,38.8101,42.1719,229468,0.127692,0.906384,2e-05,0.316882,0.0252245,
111,108.676,38.8101,42.1719,229889,0.148195,0.854499,2e-05,0.317101,0.0254544,
112,108.968,38.8101,42.1719,229332,0.139737,0.886332,2e-05,0.317979,0.0256837,
113,109.302,38.8101,42.1719,229110,0.149678,0.862981,2e-05,0.316448,0.0259128,
114,109.386,38.8101,42.1719,229391,0.144389,0.913758,2e-05,0.317197,0.0261422,
115,111.525,38.8101,42.1719,229137,0.142513,0.86207,2e-05,0.317218,0.0263713,
116,111.565,38.8101,42.1719,229760,0.135299,0.880845,2e-05,0.317363,0.0266011,
117,111.916,38.8101,42.1719,228972,0.134827,0.930912,2e-05,0.317245,0.0268301,
118,111.948,38.8101,42.1719,229941,0.135254,0.853409,2e-05,0.316927,0.02706,
119,111.966,38.8101,42.1719,229839,0.125462,0.899298,2e-05,0.31775,0.0272898,
120,112.399,38.8101,42.1719,229477,0.137791,0.911788,2e-05,0.317173,0.0275193,
121,113.027,38.8101,42.1719,228929,0.161165,0.894201,2e-05,0.316741,0.0277482,
122,111.796,38.8101,42.1719,226875,0.136622,0.899065,2e-05,0.318532,0.0279751,
123,113.022,38.8101,42.1719,229199,0.136706,0.819432,2e-05,0.31717,0.0282043,
124,111.338,38.8101,42.1719,230411,0.135826,0.933313,2e-05,0.317702,0.0284347,
125,111.329,38.8101,42.1719,231366,0.134736,0.932444,2e-05,0.31732,0.0286661,0.9618
126,109.821,38.8101,42.1719,229887,0.14468,0.907259,2e-05,0.317851,0.028896,
127,109.851,38.8101,42.1719,227376,0.133533,0.877172,2e-05,0.317554,0.0291234,
128,109.896,38.8101,42.1719,228933,0.131506,0.904235,2e-05,0.316359,0.0293523,
129,107.951,38.8101,42.2891,231009,0.132739,0.944397,2e-05,0.316592,0.0295833,
130,109.178,38.8101,42.2891,230480,0.132302,0.882478,2e-05,0.317184,0.0298138,
131,113.961,38.8101,42.2891,230307,0.167739,0.861481,2e-05,0.31719,0.0300441,
132,112.851,38.8101,42.2891,228816,0.136125,0.875115,2e-05,0.317066,0.0302729,
133,112.871,38.8101,42.2891,228698,0.141182,0.856581,2e-05,0.316911,0.0305016,
134,111.887,38.8101,42.2891,227240,0.13867,0.881895,2e-05,0.316542,0.0307288,
135,112.151,38.8101,42.2891,230236,0.138433,0.89041,2e-05,0.317421,0.0309591,
136,112.222,38.8101,42.2891,228328,0.139764,0.847006,2e-05,0.317726,0.0311874,
137,111.079,38.8101,42.2891,229472,0.137832,0.857622,2e-05,0.316667,0.0314169,
138,110.68,38.8101,42.2891,228281,0.139213,0.861484,2e-05,0.316443,0.0316452,
139,113.729,38.8101,42.2891,228956,0.141806,0.910147,2e-05,0.316437,0.0318741,
140,112.212,38.8101,42.2891,228701,0.137509,0.900667,2e-05,0.317011,0.0321028,
141,112.199,38.8101,42.2891,230014,0.132582,0.914428,2e-05,0.317417,0.0323328,
142,110.819,38.8101,42.2891,229195,0.137117,0.861686,2e-05,0.316661,0.032562,
143,110.818,38.8101,42.2891,229191,0.139732,0.866767,2e-05,0.316795,0.0327912,
144,110.774,38.8101,42.2891,228698,0.138472,0.917369,2e-05,0.316921,0.0330199,
145,109.423,38.8101,42.2891,229391,0.139302,0.890623,2e-05,0.317767,0.0332493,
146,110.055,38.8101,42.2891,230135,0.135854,0.917734,2e-05,0.317304,0.0334794,
147,114.147,38.8101,42.2891,228936,0.142485,0.864977,2e-05,0.316846,0.0337084,
148,112.925,38.8101,42.2891,231517,0.139155,0.89726,2e-05,0.317338,0.0339399,
149,112.897,38.8101,42.2891,228630,0.138679,0.869405,2e-05,0.316964,0.0341685,
150,112.248,38.8101,42.2891,228986,0.139282,0.869852,2e-05,0.316584,0.0343975,0.962974
151,112.003,38.8101,42.2891,229054,0.137833,0.871107,2e-05,0.318057,0.0346266,
152,112.288,38.8101,42.2891,228347,0.141565,0.862752,2e-05,0.316611,0.0348549,
153,111.33,38.8101,42.2891,229625,0.136865,0.868903,2e-05,0.316859,0.0350845,
154,110.513,38.8101,42.2891,228631,0.148773,0.960106,2e-05,0.316861,0.0353132,
155,113.899,38.8101,42.2891,229820,0.139615,0.870494,2e-05,0.317001,0.035543,
156,112.271,38.8101,42.2891,228159,0.139717,0.89284,2e-05,0.317263,0.0357711,
157,112.319,38.8101,42.2891,228187,0.141051,0.907907,2e-05,0.317094,0.0359993,
158,111.105,38.8101,42.2891,229202,0.140296,0.904896,2e-05,0.316772,0.0362285,
159,111.119,38.8101,42.2891,228280,0.148169,0.88579,2e-05,0.317144,0.0364568,
160,111.155,38.8101,42.2891,228325,0.143975,0.910238,2e-05,0.315504,0.0366851,
161,110.029,38.8101,42.2891,229989,0.14539,0.854923,2e-05,0.31817,0.0369151,
162,110.146,38.8101,42.2891,230328,0.144671,0.908999,2e-05,0.317447,0.0371455,
163,111.646,38.8101,42.2891,228754,0.192893,0.927439,2e-05,0.31734,0.0373742,
164,107.709,38.8101,42.2891,229737,0.145435,0.956153,2e-05,0.317049,0.0376039,
165,103.748,38.8101,42.2891,229057,0.137576,0.841188,2e-05,0.317162,0.037833,
166,99.8037,38.8101,42.2891,229637,0.163604,0.855444,2e-05,0.316503,0.0380626,
167,95.8096,38.8101,42.2891,229425,0.142364,0.915832,2e-05,0.316391,0.0382921,
168,91.8402,38.8101,42.2891,229687,0.142452,0.91702,2e-05,0.316723,0.0385218,
169,87.8741,38.8101,42.2891,229549,0.147081,0.929858,2e-05,0.316707,0.0387513,
170,83.9056,38.8101,42.2891,228575,0.14112,0.925176,2e-05,0.316469,0.0389799,
171,79.9331,38.8101,42.2891,228672,0.148201,0.916586,2e-05,0.318262,0.0392085,
172,75.9963,38.8101,42.2891,230344,0.192403,0.885688,2e-05,0.317037,0.0394389,
173,72.0107,38.8101,42.2891,230683,0.139535,0.817013,2e-05,0.317026,0.0396696,
174,68.0222,38.8101,42.2891,228986,0.144981,0.835763,2e-05,0.316604,0.0398986,
175,64.0553,38.8101,42.2891,229834,0.160562,0.861316,2e-05,0.316807,0.0401284,0.963203
176,60.1423,38.8101,42.2891,230807,0.140665,0.913275,2e-05,0.31825,0.0403592,
177,56.1347,38.8101,42.2891,228787,0.160509,0.86901,2e-05,0.316873,0.040588,
178,52.1574,38.8101,42.2891,229868,0.143247,0.888547,2e-05,0.316917,0.0408179,0.963355
